Insert Into Cliente Values('1739205748','Pánfilo Héctor','Murcia Guevara','0984537931','9 De Octubre Y Escobedo');
Insert Into Cliente Values('1385912658','Natividad Gabriela','Correas Gimenez','0909878954','Miraflores Y Cordova');
Insert Into Cliente Values('1371849381','Carlito Tiburcio','Lopez Garzon','0948885775','José Mascote 101');
Insert Into Cliente Values('1300883484','Inocencio Marcelo','Carbonell Valcarcel','0976815407','Av. 6 De Diciembre N47-241 Y Samuel Fritz (El Inca)');
Insert Into Cliente Values('1366753750','Maikel Rosaura','Vaca Zarate','0927218153','C.C. Albanborja Piso 2 Local 88');
Insert Into Cliente Values('1310216226','Javiera Charo','Estepa Gines','0935386518','Av. Amazonas Y Ramirez Davalos Esq, Edf. Turismundial');
Insert Into Cliente Values('1347021828','Anselma Juancho','Puentes Saez','0917215008','Febres Cordero Y Sargento Vargas Mercado');
Insert Into Cliente Values('1322575672','Calista Paca','Fariñas Granero','0965016713','Elizalde 117 Y Pichincha 3er. Piso');
Insert Into Cliente Values('1362141486','Baldomero Candelaria','Bajo Ugalde','0915335123','Av Olmedo 401 Y Boyacá');
Insert Into Cliente Values('1387511635','Gisela Gertrudis','Tejero Miñano','0956603660','Km.16 1/2 Vía Daule Calle Cobre E/ Av Pascuales Y Río Daule');
Insert Into Cliente Values('1386121320','Joaquín Adelita','Valbuena Amado','0941851058','Latinoamérica 118 Y Remigio Crespo');


Insert Into Ciudad Values(default,'Manta');
Insert Into Ciudad Values(default,'Portoviejo');
Insert Into Ciudad Values(default,'Quevedo');
Insert Into Ciudad Values(default,'Santa Elena');
Insert Into Ciudad Values(default,'Calceta');
Insert Into Ciudad Values(default,'Guayaquil');
Insert Into Ciudad Values(default,'Quito');
Insert Into Ciudad Values(default,'Cuenca');
Insert Into Ciudad Values(default,'Pedro Carbo');


Insert Into Solicitud Values(DEFAULT,'1739205748',null,1,6,'Miraflores Y Cordova','9 De Octubre Y Escobedo','03/04/2018','13:00:59','Llevar muebles y electrodomesticos cosas de vidrio');
Insert Into Solicitud Values(DEFAULT,'1385912658',null,3,4,'Av P Menéndez Gilbert','Telégrafo Primero Oe2-149 Y Av.la Prensa','15/08/2019','08:47:33','Transportar electrodomesticos y cajas grandes');
Insert Into Solicitud Values(DEFAULT,'1371849381',null,1,7,'Italia N32-74 y Mariana de Jesús','Catarama E2-76 y Zumbagua','04/12/2018','16:25:32','Llevar muebles y otros');
Insert Into Solicitud Values(DEFAULT,'1300883484',null,8,1,'Ucubamba S/N Vía a Paccha 1ra. Transversal','Av.amazonas 5160 E Isla Floreana','19/11/2018','14:05:30','Transportar cosas de valor');
Insert Into Solicitud Values(DEFAULT,'1366753750',null,4,3,'Av. Juan Molineros E9-255 y de los Jazmines','Av. Remigio Crespo y Esmeraldas','17/02/2018','17:25:31','Llevar muebles y electrodomesticos');
Insert Into Solicitud Values(DEFAULT,'1310216226',null,2,9,'Av Fco de Orellana C.C. Orellana Piso 2','Escobedo 1308 E/ Luque y Vélez','30/11/2019','08:06:30','Transportar electrodomesticos y cajas grandes');
Insert Into Solicitud Values(DEFAULT,'1739205748',null,9,8,'Av Solano 9-61 y B Andrade','Manuel Galecio 1502 y Esmeraldas','22/04/2019','15:11:35','Llevar muebles y otros');
Insert Into Solicitud Values(DEFAULT,'1385912658',null,5,6,'Cdla Las Orquídeas Mz 75 Villa 27-28','Fco. Pacheco y Fco. P. Moreira','25/10/2019','10:57:55','Transportar Ropa y cosas delicadas');
Insert Into Solicitud Values(DEFAULT,'1371849381',null,3,9,'Chimborazo 411','Octavio Cordero 3-16 y Gaspar Sangurima','07/07/2018','14:55:19','Llevar muebles y electrodomesticos cosas de vidrio');
Insert Into Solicitud Values(DEFAULT,'1300883484',null,4,8,'Av Fco de Orellana y Justino Cornejo Ps 12','Pasaje Salazar Gómez #108 y Bolivia','12/06/2019','08:34:38','Llevar muebles y otros');
Insert Into Solicitud Values(DEFAULT,'1366753750',null,2,7,'Los Ríos 501 y Luis Urdaneta','Av de las Américas y Av Isidro Ayora','03/04/2018','10:10:42','Transportar electrodomesticos y cajas grandes');
Insert Into Solicitud Values(DEFAULT,'1310216226',null,9,1,'Ayacucho 1006 y M Laniado Esq','Fray V. Solano 5-16 y Remigio Crespo T','14/03/2019','10:47:47','Transportar electrodomesticos');


Insert Into Empresa Values(DEFAULT,'San Toñito CIA LTA');

Insert Into Sucursal Values('44DAQ2US',4,1,'10 de Agosto 2120 y Av 25 de Junio','0985046524');
Insert Into Sucursal Values('BLGD9DQU',8,1,'Letamendi 2413 y Tungurahua','0926106850');
Insert Into Sucursal Values('WT3PE3HW',7,1,'El Oro 1305 y Guaranda','0987627178');
Insert Into Sucursal Values('SXXY2ZXQ',2,1,'Av Quito 4531 y Oconnor','0928445842');
Insert Into Sucursal Values('3M9MRBAB',3,1,'Av de Las Américas 603','0986827273');
Insert Into Sucursal Values('7BW986PN',1,1,'Av. De la Prensa N60-76 y Av. Del Maestro','0982308772');
Insert Into Sucursal Values('UZ4EAXTN',9,1,'Santiago Oe2 131','0983547538');


Insert Into Tipo_empleado Values(DEFAULT,'Conductor');
Insert Into Tipo_empleado Values(DEFAULT,'Carga');
Insert Into Tipo_empleado Values(DEFAULT,'Oficina');
Insert Into Tipo_empleado Values(DEFAULT,'Contabilidad');


Insert Into Empleado Values('1311021337','44DAQ2US',1,'Marcelo Lázaro Rubiales Tebar','0980255886','Av De Las Américas Y J Alavedra Tama');
Insert Into Empleado Values('1313253065','44DAQ2US',2,'Estanislao Camilo Hernanz Chinea','0981214457','Cdla. Bolivariana Mz G Solar 15');
Insert Into Empleado Values('1317630054','44DAQ2US',3,'Graciano Apolinar Cases Hevia','0958407200','Isla Santiago N44-28 Y Rio Coca');

Insert Into Empleado Values('1318305634','BLGD9DQU',1,'Jorge Sancho Villar Losa','0977281831','Capri E6-200 Y Av. Alfaro');
Insert Into Empleado Values('1313888502','BLGD9DQU',2,'José Manuel Sola Sandoval','0971013068','San Gabriel Entre Nuño De Valderrama Y Calle A');
Insert Into Empleado Values('1311845258','BLGD9DQU',3,'Lisandro Pablo  Malagon Pino','0913184021','De Los Eucaliptos E1-37 Y Panam.Norte');

Insert Into Empleado Values('1313856666','WT3PE3HW',1,'Noé Mauricio Manzanares Ugalde','0915161414','Toledo N23-126 Y Madrid. Ed. Munich. Of. 13');
Insert Into Empleado Values('1312477118','WT3PE3HW',2,'Severiano Adán Bonet Escudero','0928787771','10 De Agosto 1537 E/ Sucre Y 18 De Noviembre');
Insert Into Empleado Values('1311246782','WT3PE3HW',3,'Reyes Fermín Barreiro Corredor','0982841200','San Martín 301 Y Chile');

Insert Into Empleado Values('1314265182','SXXY2ZXQ',1,'Geraldo Josué Gordon Barreto','0931502882','Matilde De Procel 245 Y Mariana De Jesus Capelo');
Insert Into Empleado Values('1311086031','SXXY2ZXQ',2,'Jeremías Teodosio Oliver Montiel','0976357743','Alcedo 1610 Y Tungurahua');
Insert Into Empleado Values('1312256857','SXXY2ZXQ',3,'Luisito Gastón Gago Manrique','0947508133','Vía Daule Km 6.5 Y Av J Tanca Marengo');

Insert Into Empleado Values('1316740682','3M9MRBAB',1,'César Nazario Piera Puga','0920450850','Mariana De Jesús E3-40 Y Alemania');
Insert Into Empleado Values('1314077304','3M9MRBAB',2,'Moisés Tercero Molto Magaña','0965486377','Calle 20 Y Av. Malecón');
Insert Into Empleado Values('1312227601','3M9MRBAB',3,'Eloy Luis Vieira Almansa','0985835753','Av Quito 4531 Y Oconnor');

Insert Into Empleado Values('1311632701','7BW986PN',1,'David Gutierre Ferrero Viña','0920618350','Robles 505 Y Fco Segura');
Insert Into Empleado Values('1314315178','7BW986PN',2,'Nacio Sosimo Alegre Fajardo','0982850528','Quisquis 1502 Y Tulcan 2do Piso Ofic. 201');
Insert Into Empleado Values('1317278366','7BW986PN',3,'Eric Adalberto Ortiz Jimeno','0973030740','S. Bolívar 9-52 Y Padre Aguirre');

Insert Into Empleado Values('1310204316','UZ4EAXTN',1,'Fito Jaime Lumbreras Cañadas','0932716876','Escobedo 1308 E/ Luque Y Vélez');
Insert Into Empleado Values('1316771080','UZ4EAXTN',2,'Cayetano Inocencio Heras Palacios','0937784187','Av Fco De Orellana C.C. Orellana Piso 2');
Insert Into Empleado Values('1310581065','UZ4EAXTN',3,'Celestino Salvador Valbuena Vinuesa','0955588877','Km. 4.5 Durán Tambo');


Insert Into Vehiculo Values('9CWE268','NLR 511 EIV',2015,'Chevrolet');
Insert Into Vehiculo Values('P2SW6SL','NLR 511 EIV',2015,'Chevrolet');
Insert Into Vehiculo Values('F9S4X38','NLR 511 EIV',2015,'Chevrolet');
Insert Into Vehiculo Values('Q63YBQP','NLR 511 EIV',2015,'Chevrolet');
Insert Into Vehiculo Values('STSNVDE','NLR 511 EIV',2016,'Chevrolet');
Insert Into Vehiculo Values('7DJ9RVP','NLR 511 EIV',2016,'Chevrolet');
Insert Into Vehiculo Values('ERWK3CS','NLR 511 EIV',2016,'Chevrolet');


Insert Into Servicio_mudanza Values(DEFAULT,'44DAQ2US',1,100,2.50);
Insert Into Servicio_mudanza Values(DEFAULT,'BLGD9DQU',2,150,2.50);
Insert Into Servicio_mudanza Values(DEFAULT,'BLGD9DQU',3,250,2.50);
Insert Into Servicio_mudanza Values(DEFAULT,'44DAQ2US',4,300,2.50);
Insert Into Servicio_mudanza Values(DEFAULT,'44DAQ2US',5,200,2.50);
Insert Into Servicio_mudanza Values(DEFAULT,'3M9MRBAB',6,160,2.50);
Insert Into Servicio_mudanza Values(DEFAULT,'7BW986PN',7,170,2.50);
Insert Into Servicio_mudanza Values(DEFAULT,'44DAQ2US',8,180,2.50);
Insert Into Servicio_mudanza Values(DEFAULT,'3M9MRBAB',9,190,2.50);
Insert Into Servicio_mudanza Values(DEFAULT,'44DAQ2US',10,198,2.50);
Insert Into Servicio_mudanza Values(DEFAULT,'UZ4EAXTN',11,158,2.50);
Insert Into Servicio_mudanza Values(DEFAULT,'UZ4EAXTN',12,200,2.50);

Update Solicitud set servicio_id = 1 where solicitud_id = 1;
Update Solicitud set servicio_id = 2 where solicitud_id = 2;
Update Solicitud set servicio_id = 3 where solicitud_id = 3;
Update Solicitud set servicio_id = 4 where solicitud_id = 4;
Update Solicitud set servicio_id = 5 where solicitud_id = 5;
Update Solicitud set servicio_id = 6 where solicitud_id = 6;
Update Solicitud set servicio_id = 7 where solicitud_id = 7;
Update Solicitud set servicio_id = 8 where solicitud_id = 8;
Update Solicitud set servicio_id = 9 where solicitud_id = 9;
Update Solicitud set servicio_id = 10 where solicitud_id = 10;
Update Solicitud set servicio_id = 11 where solicitud_id = 11;
Update Solicitud set servicio_id = 12 where solicitud_id = 12;

Insert Into Vehiculo_servicio_mudanza Values(DEFAULT,1,'9CWE268');
Insert Into Vehiculo_servicio_mudanza Values(DEFAULT,2,'P2SW6SL');
Insert Into Vehiculo_servicio_mudanza Values(DEFAULT,3,'9CWE268');
Insert Into Vehiculo_servicio_mudanza Values(DEFAULT,4,'STSNVDE');
Insert Into Vehiculo_servicio_mudanza Values(DEFAULT,5,'9CWE268');
Insert Into Vehiculo_servicio_mudanza Values(DEFAULT,6,'ERWK3CS');
Insert Into Vehiculo_servicio_mudanza Values(DEFAULT,7,'Q63YBQP');
Insert Into Vehiculo_servicio_mudanza Values(DEFAULT,8,'7DJ9RVP');
Insert Into Vehiculo_servicio_mudanza Values(DEFAULT,9,'9CWE268');
Insert Into Vehiculo_servicio_mudanza Values(DEFAULT,10,'F9S4X38');
Insert Into Vehiculo_servicio_mudanza Values(DEFAULT,11,'ERWK3CS');
Insert Into Vehiculo_servicio_mudanza Values(DEFAULT,12,'ERWK3CS');

-- Servicio #1`
Insert Into Empleado_asignado Values(DEFAULT,1,'1311021337',1);
Insert Into Empleado_asignado Values(DEFAULT,1,'1313253065',1);

-- Servicio #2`
Insert Into Empleado_asignado Values(DEFAULT,2,'1318305634',2);
Insert Into Empleado_asignado Values(DEFAULT,2,'1313888502',2);

-- Servicio #3`
Insert Into Empleado_asignado Values(DEFAULT,3,'1318305634',1);
Insert Into Empleado_asignado Values(DEFAULT,3,'1313888502',1);

-- Servicio #4`
Insert Into Empleado_asignado Values(DEFAULT,4,'1311021337',5);
Insert Into Empleado_asignado Values(DEFAULT,4,'1313253065',5);

-- Servicio #5`
Insert Into Empleado_asignado Values(DEFAULT,5,'1311021337',1);
Insert Into Empleado_asignado Values(DEFAULT,5,'1313253065',1);

-- Servicio #6`
Insert Into Empleado_asignado Values(DEFAULT,6,'1316740682',7);
Insert Into Empleado_asignado Values(DEFAULT,6,'1313253065',7);

-- Servicio #7`
Insert Into Empleado_asignado Values(DEFAULT,7,'1311632701',4);
Insert Into Empleado_asignado Values(DEFAULT,7,'1314315178',4);

-- Servicio #8`
Insert Into Empleado_asignado Values(DEFAULT,8,'1311021337',6);
Insert Into Empleado_asignado Values(DEFAULT,8,'1313253065',6);

-- Servicio #9`
Insert Into Empleado_asignado Values(DEFAULT,9,'1316740682',1);
Insert Into Empleado_asignado Values(DEFAULT,9,'1314077304',1);

-- Servicio #10`
Insert Into Empleado_asignado Values(DEFAULT,10,'1311021337',3);
Insert Into Empleado_asignado Values(DEFAULT,10,'1313253065',3);

-- Servicio #11`
Insert Into Empleado_asignado Values(DEFAULT,11,'1310204316',7);
Insert Into Empleado_asignado Values(DEFAULT,11,'1316771080',7);

-- Servicio #12`
Insert Into Empleado_asignado Values(DEFAULT,12,'1310204316',7);
Insert Into Empleado_asignado Values(DEFAULT,12,'1316771080',7);